{
  "Ac": {
    "pbe": -4.1276203533333335,
    "omat": -4.07814994
  },
  "Ag": {
    "pbe": -2.8512491700000004,
    "omat": -2.7175666367
  },
  "Al": {
    "pbe": -3.7425608725,
    "omat": -3.72747094
  },
  "Ar": {
    "pbe": -0.0710207,
    "omat": -0.04024922
  },
  "As": {
    "pbe": -4.65340441,
    "omat": -4.682053975
  },
  "Au": {
    "pbe": -3.27736288,
    "omat": -3.22543615
  },
  "B": {
    "pbe": -6.680634857499999,
    "omat": -6.7049832025
  },
  "Ba": {
    "pbe": -1.92344648,
    "omat": -1.909760855
  },
  "Be": {
    "pbe": -3.73963641,
    "omat": -3.7599265875
  },
  "Bi": {
    "pbe": -3.88096027,
    "omat": -3.86884349
  },
  "Br": {
    "pbe": -1.6728759533333333,
    "omat": -1.44212653
  },
  "C": {
    "pbe": -9.23250493,
    "omat": -9.199231915
  },
  "Ca": {
    "pbe": -2.0031633825,
    "omat": -1.93153898
  },
  "Cd": {
    "pbe": -0.915115065,
    "omat": -0.74560783
  },
  "Ce": {
    "pbe": -5.937914725,
    "omat": -5.921598105
  },
  "Cl": {
    "pbe": -1.8501158625,
    "omat": -1.8458800525
  },
  "Co": {
    "pbe": -7.108150095,
    "omat": -7.03719571
  },
  "Cr": {
    "pbe": -9.65428124,
    "omat": -9.515461885
  },
  "Cs": {
    "pbe": -0.85354582,
    "omat": -0.8951742186
  },
  "Cu": {
    "pbe": -4.09697049,
    "omat": -3.74513504
  },
  "Dy": {
    "pbe": -4.6054439,
    "omat": -4.5293091367
  },
  "Er": {
    "pbe": -4.564513055,
    "omat": -4.4951705067
  },
  "Eu": {
    "pbe": -10.27442555,
    "omat": -10.29636708
  },
  "F": {
    "pbe": -1.914577255,
    "omat": -1.80965965
  },
  "Fe": {
    "pbe": -8.46940276,
    "omat": -8.27161473
  },
  "Ga": {
    "pbe": -3.032088535,
    "omat": -2.9132388475
  },
  "Gd": {
    "pbe": -14.08089752,
    "omat": -13.981797415
  },
  "Ge": {
    "pbe": -4.622926825,
    "omat": -4.507745255
  },
  "H": {
    "pbe": -3.3958171925,
    "omat": -3.394378795
  },
  "He": {
    "pbe": -0.02299473,
    "omat": -0.02165726
  },
  "Hf": {
    "pbe": -9.956409005,
    "omat": -9.923830525
  },
  "Hg": {
    "pbe": -0.305426585,
    "omat": -0.183946075
  },
  "Ho": {
    "pbe": -4.578091206666667,
    "omat": -4.5153348467
  },
  "I": {
    "pbe": -1.55012696,
    "omat": -1.359441135
  },
  "In": {
    "pbe": -2.7518583366666665,
    "omat": -2.5618929167
  },
  "Ir": {
    "pbe": -8.86099762,
    "omat": -8.8565415
  },
  "K": {
    "pbe": -1.110334322,
    "omat": -1.060647223
  },
  "Kr": {
    "pbe": -0.05622488,
    "omat": -0.04490603
  },
  "La": {
    "pbe": -4.928904805,
    "omat": -4.894495445
  },
  "Li": {
    "pbe": -1.9138243566666666,
    "omat": -1.9062828033
  },
  "Lu": {
    "pbe": -4.52372,
    "omat": -4.449524705
  },
  "Mg": {
    "pbe": -1.60433496,
    "omat": -1.49982141
  },
  "Mn": {
    "pbe": -9.169565484482758,
    "omat": -8.9927169424
  },
  "Mo": {
    "pbe": -10.85041889,
    "omat": -10.92071152
  },
  "N": {
    "pbe": -8.34268285625,
    "omat": -8.32644572
  },
  "Na": {
    "pbe": -1.3384015255,
    "omat": -1.2761079241
  },
  "Nb": {
    "pbe": -10.194642027857142,
    "omat": -10.10334713
  },
  "Nd": {
    "pbe": -4.7678328375,
    "omat": -4.723421585
  },
  "Ne": {
    "pbe": -0.02950299,
    "omat": -0.02128077
  },
  "Ni": {
    "pbe": -5.78132778,
    "omat": -5.48422812
  },
  "Np": {
    "pbe": -12.94925217625,
    "omat": -12.7311934338
  },
  "O": {
    "pbe": -4.9582055575,
    "omat": -4.93913603
  },
  "Os": {
    "pbe": -11.22974856,
    "omat": -11.223396495
  },
  "P": {
    "pbe": -5.409871328571429,
    "omat": -5.409239461
  },
  "Pa": {
    "pbe": -9.49751972,
    "omat": -9.41125813
  },
  "Pb": {
    "pbe": -3.70833607,
    "omat": -3.57680932
  },
  "Pd": {
    "pbe": -5.1928328,
    "omat": -5.21837678
  },
  "Pm": {
    "pbe": -4.75061866,
    "omat": -4.6949224075
  },
  "Pr": {
    "pbe": -4.783098595,
    "omat": -4.7434366675
  },
  "Pt": {
    "pbe": -6.05755738,
    "omat": -6.08256756
  },
  "Pu": {
    "pbe": -14.33192993375,
    "omat": -13.9884109
  },
  "Rb": {
    "pbe": -1.0165324696551723,
    "omat": -0.9481804788
  },
  "Re": {
    "pbe": -12.448103105,
    "omat": -12.39400358
  },
  "Rh": {
    "pbe": -7.35144454,
    "omat": -7.27165212
  },
  "Ru": {
    "pbe": -9.275840975,
    "omat": -9.236562915
  },
  "S": {
    "pbe": -4.1278785359375,
    "omat": -4.1303699216
  },
  "Sb": {
    "pbe": -4.12734622,
    "omat": -4.146554885
  },
  "Sc": {
    "pbe": -6.333050685,
    "omat": -6.245474435
  },
  "Se": {
    "pbe": -3.48949941140625,
    "omat": -3.5072754222
  },
  "Si": {
    "pbe": -5.42503392,
    "omat": -5.42070396
  },
  "Sm": {
    "pbe": -4.719147255,
    "omat": -4.6557698025
  },
  "Sn": {
    "pbe": -4.008154685,
    "omat": -3.83029594
  },
  "Sr": {
    "pbe": -1.6834514799999998,
    "omat": -1.6272253
  },
  "Ta": {
    "pbe": -11.85268567,
    "omat": -11.81537868
  },
  "Tb": {
    "pbe": -4.63025855,
    "omat": -4.56844973
  },
  "Tc": {
    "pbe": -10.365990165,
    "omat": -10.344412205
  },
  "Te": {
    "pbe": -3.1436425999999997,
    "omat": -3.1402593133
  },
  "Th": {
    "pbe": -7.41983058,
    "omat": -7.44188808
  },
  "Ti": {
    "pbe": -7.89764335,
    "omat": -7.8062847467
  },
  "Tl": {
    "pbe": -2.36627249,
    "omat": -2.2203468567
  },
  "Tm": {
    "pbe": -4.475747785,
    "omat": -4.4692286067
  },
  "U": {
    "pbe": -11.2965125,
    "omat": -11.13607304
  },
  "V": {
    "pbe": -9.11860228,
    "omat": -8.96201137
  },
  "W": {
    "pbe": -12.96431279,
    "omat": -12.95412021
  },
  "Xe": {
    "pbe": -0.03674267,
    "omat": -0.04027387
  },
  "Y": {
    "pbe": -6.466461815,
    "omat": -6.42697752
  },
  "Yb": {
    "pbe": -1.52596586,
    "omat": -4.46808805
  },
  "Zn": {
    "pbe": -1.273959215,
    "omat": -1.1150354
  },
  "Zr": {
    "pbe": -8.54814442,
    "omat": -8.518544045
  }
}