{
    "H-": 0.09136274353665658,
    "H+": 0.9086372564633433,
    "Li+": 1.0,
    "Be2+": 1.0,
    "B5-": 0.0004818503051718599,
    "B3-": 0.03726309026662383,
    "B2-": 0.0059428204304529395,
    "B-": 0.006103437198843559,
    "B+": 0.0056215868936717,
    "B2+": 0.004497269514937359,
    "B3+": 0.9400899453902987,
    "C4-": 0.0572118650464186,
    "C3-": 0.011849950939693564,
    "C2-": 0.09306362744358065,
    "C-": 0.02075628349309382,
    "C+": 0.016755981583515735,
    "C2+": 0.22590384179938108,
    "C3+": 0.10113970865725715,
    "C4+": 0.4733187410370594,
    "N5-": 0.0005673436968115284,
    "N4-": 0.00039714058776806993,
    "N3-": 0.7933166912515602,
    "N2-": 0.024452513332576874,
    "N-": 0.03670713718370589,
    "N+": 0.02121865426075116,
    "N2+": 0.006808124361738341,
    "N3+": 0.042040167933734246,
    "N4+": 0.0012481561329853626,
    "N5+": 0.07324407125836832,
    "O2-": 0.9955718300263987,
    "O-": 0.00440262283913821,
    "O2+": 2.5547134463084392e-05,
    "F-": 1.0,
    "Na+": 1.0,
    "Mg2+": 1.0,
    "Al3-": 0.00019969380283565196,
    "Al3+": 0.9998003061971643,
    "Si4-": 0.011842880874551202,
    "Si3-": 0.0010181662290338139,
    "Si2-": 0.0009109908365039388,
    "Si-": 0.0021970955468624404,
    "Si+": 0.00016076308879481272,
    "Si2+": 0.003911901827340442,
    "Si3+": 0.0020899201543325653,
    "Si4+": 0.9778682814425808,
    "P4-": 0.00032977179791584226,
    "P3-": 0.08560875873895264,
    "P2-": 0.010948423690805962,
    "P-": 0.011805830365387153,
    "P+": 0.004550850811238623,
    "P2+": 0.0017148133491623795,
    "P3+": 0.036011080332409975,
    "P4+": 0.030009233610341645,
    "P5+": 0.8190212373037857,
    "S2-": 0.6737809471199718,
    "S-": 0.03063325465776126,
    "S+": 0.0016069904082760007,
    "S2+": 0.007030583036207503,
    "S3+": 0.0021091749108622508,
    "S4+": 0.035253352081554765,
    "S5+": 0.003113543916034751,
    "S6+": 0.24647215386933163,
    "Cl-": 0.9442379182156134,
    "Cl+": 0.0007434944237918215,
    "Cl3+": 0.004992033988316516,
    "Cl4+": 0.0005310674455655868,
    "Cl5+": 0.012002124269782262,
    "Cl7+": 0.03749336165693043,
    "K+": 1.0,
    "Ca+": 0.000180635838150289,
    "Ca2+": 0.9998193641618497,
    "Sc+": 0.00443213296398892,
    "Sc2+": 0.01218836565096953,
    "Sc3+": 0.9833795013850416,
    "Ti+": 0.00045766590389016026,
    "Ti2+": 0.014645308924485128,
    "Ti3+": 0.06224256292906179,
    "Ti4+": 0.922654462242563,
    "V+": 0.003024372887386586,
    "V2+": 0.030955346023839175,
    "V3+": 0.2254047322540473,
    "V4+": 0.21597580501690092,
    "V5+": 0.524639743817826,
    "Cr+": 0.0016085790884718498,
    "Cr2+": 0.09008042895442359,
    "Cr3+": 0.7445933869526364,
    "Cr4+": 0.035746201966041107,
    "Cr5+": 0.022520107238605896,
    "Cr6+": 0.10545129579982128,
    "Mn-": 0.0006648383611734397,
    "Mn+": 0.006232859636000997,
    "Mn2+": 0.5908750934928946,
    "Mn3+": 0.25355272999252054,
    "Mn4+": 0.135294606498795,
    "Mn5+": 0.0049031829136541175,
    "Mn6+": 0.0014958863126402393,
    "Mn7+": 0.006980802792321117,
    "Fe4-": 0.00015375941776433807,
    "Fe+": 0.0032289477730510995,
    "Fe2+": 0.3729178412177746,
    "Fe3+": 0.6107836604992056,
    "Fe4+": 0.011788222028599254,
    "Fe5+": 0.0007687970888216903,
    "Fe6+": 0.0003587719747834555,
    "Co-": 0.002830455703368242,
    "Co+": 0.008208321539767903,
    "Co2+": 0.6306255307104444,
    "Co3+": 0.34078686668553637,
    "Co4+": 0.016841211435041043,
    "Co5+": 0.0007076139258420605,
    "Ni+": 0.02843439534087016,
    "Ni2+": 0.8091812264474136,
    "Ni3+": 0.15056526207605345,
    "Ni4+": 0.011819116135662899,
    "Cu+": 0.40611313868613136,
    "Cu2+": 0.5638686131386861,
    "Cu3+": 0.029653284671532845,
    "Cu4+": 0.000364963503649635,
    "Zn+": 0.00042105263157894734,
    "Zn2+": 0.9973333333333333,
    "Zn3+": 0.0016842105263157893,
    "Zn4+": 0.0005614035087719298,
    "Ga4-": 0.0008720296490080662,
    "Ga3-": 0.0021800741225201656,
    "Ga+": 0.005014170481796381,
    "Ga2+": 0.014388489208633094,
    "Ga3+": 0.9742751253542621,
    "Ga4+": 0.0032701111837802484,
    "Ge4-": 0.033894449499545044,
    "Ge3-": 0.010691537761601456,
    "Ge2-": 0.008644222020018199,
    "Ge-": 0.005914467697907188,
    "Ge+": 0.0009099181073703368,
    "Ge2+": 0.05959963603275705,
    "Ge3+": 0.015468607825295723,
    "Ge4+": 0.864877161055505,
    "As3-": 0.33321888412017164,
    "As2-": 0.02815450643776824,
    "As-": 0.03347639484978541,
    "As+": 0.0027467811158798285,
    "As2+": 0.02180257510729614,
    "As3+": 0.17201716738197426,
    "As4+": 0.0013733905579399143,
    "As5+": 0.40721030042918455,
    "Se2-": 0.7473209814722083,
    "Se-": 0.045368052078117185,
    "Se+": 0.0016024036054081122,
    "Se2+": 0.005107661492238357,
    "Se3+": 0.000500751126690035,
    "Se4+": 0.11316975463194792,
    "Se5+": 0.00040060090135202804,
    "Se6+": 0.08652979469203807,
    "Br-": 0.9535830618892508,
    "Br+": 0.003257328990228013,
    "Br3+": 0.008957654723127036,
    "Br5+": 0.02985884907709012,
    "Br7+": 0.004343105320304018,
    "Kr2+": 1.0,
    "Rb+": 1.0,
    "Sr2+": 0.9994660971703149,
    "Sr4+": 0.0005339028296849973,
    "Y+": 0.0011489850631941786,
    "Y2+": 0.009191880505553428,
    "Y3+": 0.9821907315204902,
    "Y4+": 0.00746840291076216,
    "Zr+": 0.0025415896487985213,
    "Zr2+": 0.01756007393715342,
    "Zr3+": 0.020101663585951942,
    "Zr4+": 0.9597966728280961,
    "Nb+": 0.001453752498637107,
    "Nb2+": 0.00999454842813011,
    "Nb3+": 0.03325458840632382,
    "Nb4+": 0.07504997274214065,
    "Nb5+": 0.8791568235507906,
    "Nb6+": 0.0010903143739778303,
    "Mo-": 0.0012297601967616314,
    "Mo+": 0.0034843205574912896,
    "Mo2+": 0.030744004919040786,
    "Mo3+": 0.04324656691945071,
    "Mo4+": 0.08751793400286945,
    "Mo5+": 0.12441073990571837,
    "Mo6+": 0.7087517934002869,
    "Mo7+": 0.0006148800983808157,
    "Tc+": 0.06060606060606061,
    "Tc2+": 0.06666666666666667,
    "Tc3+": 0.12727272727272726,
    "Tc4+": 0.3151515151515151,
    "Tc5+": 0.042424242424242434,
    "Tc6+": 0.01818181818181818,
    "Tc7+": 0.3696969696969697,
    "Ru-": 0.0016295491580662683,
    "Ru+": 0.004888647474198805,
    "Ru2+": 0.15154807170016296,
    "Ru3+": 0.1325366648560565,
    "Ru4+": 0.40032590983161326,
    "Ru5+": 0.26398696360673546,
    "Ru6+": 0.039652362846279196,
    "Ru7+": 0.005431830526887561,
    "Rh-": 0.00946372239747634,
    "Rh+": 0.02996845425867508,
    "Rh2+": 0.10252365930599369,
    "Rh3+": 0.6798107255520505,
    "Rh4+": 0.16876971608832808,
    "Rh5+": 0.00946372239747634,
    "Pd+": 0.040498442367601244,
    "Pd2+": 0.7892004153686397,
    "Pd3+": 0.012461059190031152,
    "Pd4+": 0.15784008307372793,
    "Ag+": 0.9656258199947519,
    "Ag2+": 0.027289425347677775,
    "Ag3+": 0.007084754657570191,
    "Cd+": 0.0012300123001230013,
    "Cd2+": 0.9987699876998771,
    "In3-": 0.002149959688255845,
    "In2-": 0.0008062348830959419,
    "In-": 0.004568664337543671,
    "In+": 0.05240526740123623,
    "In2+": 0.03413061005106154,
    "In3+": 0.9059392636388067,
    "Sn4-": 0.01231830500123183,
    "Sn3-": 0.0009854644000985464,
    "Sn2-": 0.001970928800197093,
    "Sn-": 0.006405518600640552,
    "Sn+": 0.0007390983000739098,
    "Sn2+": 0.25277161862527714,
    "Sn3+": 0.011579206701157923,
    "Sn4+": 0.713229859571323,
    "Sb3-": 0.1645299145299145,
    "Sb2-": 0.02386039886039886,
    "Sb-": 0.02047720797720798,
    "Sb+": 0.0008903133903133903,
    "Sb2+": 0.003027065527065527,
    "Sb3+": 0.4184472934472934,
    "Sb4+": 0.009259259259259259,
    "Sb5+": 0.359508547008547,
    "Te3-": 0.0010323468685478321,
    "Te2-": 0.5578114246386786,
    "Te-": 0.05006882312456986,
    "Te+": 0.0024088093599449415,
    "Te2+": 0.008774948382656573,
    "Te3+": 0.0006882312456985547,
    "Te4+": 0.20526496902959393,
    "Te5+": 0.0018926359256710254,
    "Te6+": 0.1720578114246387,
    "I-": 0.7757180156657963,
    "I+": 0.009138381201044387,