{
  "SpaceGroup": {
    "1": 0.013166459836646455,
    "2": 0.015324164587589187,
    "3": 0.0005043766056972627,
    "4": 0.0010565480959923708,
    "5": 0.0024157971277710957,
    "6": 0.009777896234119213,
    "7": 0.000938466616397694,
    "8": 0.01527374567011146,
    "9": 0.0013022700321012937,
    "10": 0.018083335160784805,
    "11": 0.01718816508690516,
    "12": 0.07910465748967396,
    "13": 0.0015642984582494813,
    "14": 0.00956609929452876,
    "15": 0.015098310328999368,
    "16": 5.1730933917667967e-05,
    "17": 0.00025753008406839055,
    "18": 0.00011864377235465154,
    "19": 0.0006224580852919396,
    "20": 0.0002129215251104015,
    "21": 0.00014713327219336724,
    "22": 4.310911159805664e-05,
    "23": 0.00043352771794045655,
    "24": 5.1730933917667967e-05,
    "25": 0.006956873457326384,
    "26": 0.004430679517680265,
    "27": 4.535828263795525e-05,
    "28": 0.00023916185390921859,
    "29": 0.0005562949705349222,
    "30": 0.0004751373821785808,
    "31": 0.0020446839061878256,
    "32": 0.000181433130551821,
    "33": 0.00047494995125858927,
    "34": 1.7993368319188857e-05,
    "35": 0.0029048043980290515,
    "36": 0.005782806174499311,
    "37": 2.3428864998943827e-05,
    "38": 0.011536560556399933,
    "39": 0.00022060619283005507,
    "40": 0.00033456419218491786,
    "41": 4.1609664238124235e-05,
    "42": 0.0014211012353759368,
    "43": 0.0006331416477314579,
    "44": 0.010023243308388153,
    "45": 1.2932733479416992e-05,
    "46": 0.000733229759006946,
    "47": 0.010178248679221165,
    "48": 3.092610179860585e-05,
    "49": 9.315316723580065e-05,
    "50": 4.685772999788766e-06,
    "51": 0.0036500297359154566,
    "52": 0.000122204959834491,
    "53": 0.0003086987252260839,
    "54": 0.00032313090606543327,
    "55": 0.002199314415180855,
    "56": 2.9801516278656546e-05,
    "57": 0.0007785880416449013,
    "58": 0.0010979703293105035,
    "59": 0.004325718202484997,
    "60": 0.00025827980774835674,
    "61": 0.0005083126550170853,
    "62": 0.0132697342735618,
    "63": 0.02366596511273314,
    "64": 0.0019852683045505043,
    "65": 0.01962495447771531,
    "66": 0.0001563173872729532,
    "67": 0.000683185703369202,
    "68": 3.542444387840307e-05,
    "69": 0.002440725440129972,
    "70": 0.001951905600792008,
    "71": 0.020501381459595798,
    "72": 0.0025068885548869893,
    "73": 1.7805937399197307e-05,
    "74": 0.00409649018733533,
    "75": 9.371545999577531e-06,
    "76": 3.11135327185974e-05,
    "77": 2.8114637998732594e-06,
    "78": 4.873203919780316e-06,
    "79": 0.0005606058816947279,
    "80": 6.934944039687373e-06,
    "81": 2.2866572238969176e-05,
    "82": 0.002545874186245232,
    "83": 0.00019211669299133938,
    "84": 8.340675939624002e-05,
    "85": 3.973535503820873e-05,
    "86": 0.0006704404008097765,
    "87": 0.002469964663648654,
    "88": 0.00027571088330757094,
    "89": 1.874309199915506e-06,
    "90": 4.8169746437828505e-05,
    "91": 8.99668415959443e-05,
    "92": 0.0001062733316352092,
    "93": 0,
    "94": 1.3120164399408543e-06,
    "95": 1.8743091999155063e-05,
    "96": 2.399115775891848e-05,
    "97": 0.0001051487461152599,
    "98": 1.8555661079163512e-05,
    "99": 0.01115438891053716,
    "100": 0.0003047626759062613,
    "101": 5.622927599746518e-07,
    "102": 0.0005094372405370346,
    "103": 1.3120164399408543e-06,
    "104": 1.1245855199493036e-06,
    "105": 1.0121269679543733e-05,
    "106": 1.874309199915506e-06,
    "107": 0.008549286553574597,
    "108": 4.610800631792145e-05,
    "109": 0.0004520833790196201,
    "110": 7.497236799662024e-06,
    "111": 0.0001529436307131053,
    "112": 5.547955231749898e-05,
    "113": 0.00011695689407472758,
    "114": 4.273424975807354e-05,
    "115": 0.008013608984238746,
    "116": 9.371545999577531e-06,
    "117": 7.309805879670474e-06,
    "118": 2.399115775891848e-05,
    "119": 0.00896275916307596,
    "120": 7.122374959678923e-06,
    "121": 0.0022056870664605675,
    "122": 0.0212267391199631,
    "123": 0.13138757546671706,
    "124": 0.00017056213719231106,
    "125": 0.0003602422282237603,
    "126": 7.122374959678923e-06,
    "127": 0.02006504227785547,
    "128": 0.00020186310083090001,
    "129": 0.01000112645982915,
    "130": 7.141118051678079e-05,
    "131": 0.00021160950867046065,
    "132": 1.2932733479416992e-05,
    "133": 6.18522035972117e-06,
    "134": 5.810358519738069e-06,
    "135": 2.492831235887623e-05,
    "136": 0.0019421591929524474,
    "137": 0.0004239687410208875,
    "138": 1.9680246599112815e-05,
    "139": 0.033094490111988104,
    "140": 0.0035201401083613123,
    "141": 0.0031291592092589377,
    "142": 7.047402591682303e-05,
    "143": 0.0002356006664293791,
    "144": 4.142223331813269e-05,
    "145": 4.873203919780316e-05,
    "146": 0.0025350031928857222,
    "147": 0.002107098402545012,
    "148": 0.008545163073334784,
    "149": 0.0023335149538948052,
    "150": 9.277830539581756e-05,
    "151": 6.560082199704272e-06,
    "152": 8.621822319611328e-05,
    "153": 1.1058424279501487e-05,
    "154": 4.573314447793835e-05,
    "155": 0.0008874854061599922,
    "156": 0.009406220719775968,
    "157": 0.0015384329912906474,
    "158": 1.9492815679121264e-05,
    "159": 2.9426654438673445e-05,
    "160": 0.01526531127871184,
    "161": 0.00029614085358664995,
    "162": 0.0012771542888224258,
    "163": 0.0030757413970613455,
    "164": 0.012364817791842593,
    "165": 8.396905215621467e-05,
    "166": 0.057951766152187535,
    "167": 0.0012445413087438962,
    "168": 0.00010796020991513316,
    "169": 8.809253239602878e-06,
    "170": 5.248065759763417e-06,
    "171": 8.621822319611328e-06,
    "172": 6.372651279712721e-06,
    "173": 0.0001655015023525392,
    "174": 0.0004470227441798482,
    "175": 1.6868782799239555e-05,
    "176": 0.0013611233409786406,
    "177": 9.37154599957753e-07,
    "178": 6.372651279712721e-06,
    "179": 9.37154599957753e-07,
    "180": 9.521490735570771e-05,
    "181": 2.8302068918724143e-05,
    "182": 6.447623647709341e-05,
    "183": 0.0010646076255520075,
    "184": 7.497236799662025e-07,
    "185": 0.00011208369015494726,
    "186": 0.0017084328357229838,
    "187": 0.008806441775803005,
    "188": 6.503852923706807e-05,
    "189": 0.008195979269390525,
    "190": 3.898563135824253e-05,
    "191": 0.006104625064124803,
    "192": 4.873203919780316e-06,
    "193": 0.0017567900130808038,
    "194": 0.01118568987417575,
    "195": 1.874309199915506e-06,
    "196": 1.1245855199493036e-06,
    "197": 0.00020280025543085778,
    "198": 0.0006683786606898695,
    "199": 0.00020317511727084087,
    "200": 0.00018836807459150835,
    "201": 4.4046266198014394e-05,
    "202": 1.1808147959467689e-05,
    "203": 2.117969395904522e-05,
    "204": 0.0016244637835667692,
    "205": 0.0003585553499438363,
    "206": 4.423369711800595e-05,
    "207": 0,
    "208": 9.37154599957753e-07,
    "209": 7.497236799662025e-07,
    "210": 7.497236799662025e-07,
    "211": 5.622927599746518e-07,
    "212": 2.2866572238969176e-05,
    "213": 5.2480657597634175e-05,
    "214": 0.00011039681187502331,
    "215": 0.0004747625203385977,
    "216": 0.09381629783073075,
    "217": 0.0008751149654405498,
    "218": 3.448728927844531e-05,
    "219": 8.434391399619777e-06,
    "220": 0.00023803726838926928,
    "221": 0.05166701997395085,
    "222": 3.7486183998310123e-07,
    "223": 0.0017693478847202377,
    "224": 3.7486183998310125e-05,
    "225": 0.037781200266376824,
    "226": 4.385883527802284e-05,
    "227": 0.003333271481129736,
    "228": 2.0617401199070567e-06,
    "229": 0.002092853652625654,
    "230": 0.0032105042285352704
  },
  "CrystalSystem": {
    "1": 0.028490624424235642,
    "2": 0.1718739662013319,
    "3": 0.16587448988332237,
    "4": 0.2739196060052117,
    "5": 0.11952938345161161,
    "6": 0.041368065782255124,
    "7": 0.19894386425203162
  },
  "CompositionCounts": {
    "1": 0.013995955787631296,
    "2": 7.665407789047977e-07,