{
    "Ag+": 0.8688058381481462,
    "Ag2+": 0.09862466702325409,
    "Ag3+": 0.03256949482859972,
    "Al2+": 0.002034263866081714,
    "Al3+": 0.9979657361339183,
    "As-": 0.1426958526066247,
    "As2+": 0.034671595625236515,
    "As2-": 0.1539017273247577,
    "As3+": 0.05539136118695327,
    "As3-": 0.5624266989425882,
    "As5+": 0.05091276431383955,
    "B+": 0.05662494980915384,
    "B-": 0.17261780940540175,
    "B2+": 0.057636023240175895,
    "B2-": 0.17344021363159193,
    "B3+": 0.34865101518545216,
    "B3-": 0.19102998872822444,
    "Ba2+": 1.0,
    "Be2+": 1.0,
    "Bi+": 0.11744247405535922,
    "Bi2+": 0.08194348945424308,
    "Bi3+": 0.40998928634248527,
    "Bi3-": 0.3482818171642388,
    "Bi5+": 0.04234293298367366,
    "Br+": 0.010011741108556333,
    "Br-": 0.9840663372633432,
    "Br3+": 0.002871679467736412,
    "Br5+": 0.003050242160363974,
    "C+": 0.0382896984100618,
    "C-": 0.09506833795450383,
    "C2+": 0.07698401543513538,
    "C2-": 0.18867153060833344,
    "C3+": 0.03379204306845721,
    "C3-": 0.12955462138345494,
    "C4+": 0.12647100162273361,
    "C4-": 0.3111687515173198,
    "Ca2+": 1.0,
    "Cd2+": 1.0,
    "Ce2+": 0.25937892241178934,
    "Ce3+": 0.5426874622286272,
    "Ce4+": 0.19793361535958348,
    "Cl-": 0.994502436175342,
    "Cl3+": 0.0011406709967739786,
    "Cl5+": 0.0017286457373791222,
    "Cl7+": 0.0026282470905049917,
    "Co+": 0.19632986565945523,
    "Co2+": 0.42222992381299235,
    "Co3+": 0.28800098684790204,
    "Co4+": 0.09343922367965038,
    "Cr2+": 0.29416406274658335,
    "Cr3+": 0.4327662574040758,
    "Cr4+": 0.11675030773600985,
    "Cr5+": 0.07925385853612348,
    "Cr6+": 0.07706551357720755,
    "Cs+": 1.0,
    "Cu+": 0.5758572633934074,
    "Cu2+": 0.37484949896189834,
    "Cu3+": 0.04929323764469431,
    "Dy2+": 0.27507241559428275,
    "Dy3+": 0.7249275844057173,
    "Er3+": 1.0,
    "Eu2+": 0.5568181818181818,
    "Eu3+": 0.4431818181818182,
    "F-": 1.0,
    "Fe+": 0.14316868456097054,
    "Fe2+": 0.3981991667786588,
    "Fe3+": 0.40289672697951157,
    "Fe4+": 0.04147780723509792,
    "Fe5+": 0.007770216613114073,
    "Fe6+": 0.006487397832647127,
    "Ga+": 0.32293972388909503,
    "Ga2+": 0.06873344678019883,
    "Ga3+": 0.600893074196809,
    "Ga4+": 0.007433755133897156,
    "Gd2+": 0.1779677590590339,
    "Gd3+": 0.8220322409409662,
    "Ge2+": 0.17848293824115796,
    "Ge2-": 0.2687644774296152,
    "Ge3+": 0.03477464188169131,
    "Ge4+": 0.18020582439238012,
    "Ge4-": 0.3377721180551554,
    "H+": 0.6147796845311699,
    "H-": 0.3852203154688301,
    "Hf2+": 0.3118317507554956,
    "Hf3+": 0.06723526975409962,
    "Hf4+": 0.6209329794904048,
    "Hg+": 0.4245771519493778,
    "Hg2+": 0.5754228480506222,
    "Ho2+": 0.27137262628999287,
    "Ho3+": 0.7286273737100072,
    "I+": 0.02499067838083475,
    "I-": 0.951067325394421,
    "I3+": 0.005919228169933117,
    "I5+": 0.014238773274917854,
    "I7+": 0.0037839947798932673,
    "In+": 0.5370837231558123,
    "In2+": 0.14774926618150136,
    "In3+": 0.3151670106626863,
    "Ir3+": 0.5309754305249369,
    "Ir4+": 0.24508770248250744,
    "Ir5+": 0.12914150611840633,
    "Ir6+": 0.09479536087414933,
    "K+": 1.0,
    "La+": 0.16546401880873496,
    "La2+": 0.2359290200621989,
    "La3+": 0.5986069611290661,
    "Li+": 1.0,
    "Lu3+": 1.0,
    "Mg2+": 1.0,
    "Mn+": 0.03921355429200059,
    "Mn2+": 0.40277839960600964,
    "Mn3+": 0.3518282816007777,
    "Mn4+": 0.18197110310907008,
    "Mn5+": 0.016028244504282085,
    "Mn6+": 0.00523828102514247,
    "Mn7+": 0.002942135862717382,
    "Mo2+": 0.1436329560379558,
    "Mo3+": 0.23576287944748608,
    "Mo4+": 0.22736596667798062,
    "Mo5+": 0.12469931968773519,
    "Mo6+": 0.2685388781488423,
    "N+": 0.024035254931277467,
    "N-": 0.07876946265246207,
    "N2+": 0.01161865190591431,
    "N2-": 0.061690084651329614,
    "N3+": 0.009321519895379743,
    "N3-": 0.8016607861430549,
    "N4+": 7.657106701781889e-05,
    "N5+": 0.012827668753564081,
    "Na+": 1.0,
    "Nb+": 0.13795701998284957,
    "Nb2+": 0.20136164020476574,
    "Nb3+": 0.20437595821531584,
    "Nb4+": 0.12563123110637597,
    "Nb5+": 0.3296693778205095,
    "Nb7+": 0.001004772670183371,
    "Nd2+": 0.33251799142880245,
    "Nd3+": 0.6674820085711975,
    "Ni+": 0.2603562525026803,
    "Ni2+": 0.5382990815970653,
    "Ni3+": 0.15681956159499852,
    "Ni4+": 0.04452510430525595,
    "O-": 0.01892657354671187,
    "O2-": 0.9810734264532881,
    "P+": 0.028762535419048826,
    "P-": 0.10925657594775048,
    "P2+": 0.015786094009973432,
    "P2-": 0.11231449012086042,
    "P3+": 0.015630930527341,
    "P3-": 0.36253828360542645,
    "P4+": 0.028328077667678014,
    "P5+": 0.3273830127019214,
    "Pb2+": 0.9390266209772813,
    "Pb4+": 0.06097337902271868,
    "Pd2+": 0.6378369704749679,
    "Pd3+": 0.2856080056015871,
    "Pd4+": 0.07655502392344497,
    "Pr2+": 0.2813226329868877,
    "Pr3+": 0.7146208832171206,
    "Pr4+": 0.004056483795991756,
    "Rb+": 1.0,
    "Re2+": 0.03295604345652075,
    "Re3+": 0.21844174735215238,
    "Re4+": 0.1948952225101141,
    "Re5+": 0.24796581662802855,
    "Re6+": 0.16491658711759624,
    "Re7+": 0.14082458293558797,
    "Rh+": 0.4868003375256158,
    "Rh2+": 0.0032948929159802307,
    "Rh3+": 0.3639450315425724,
    "Rh4+": 0.14475428938803392,
    "Rh5+": 0.0012054486277976453,
    "Ru2+": 0.40515959272394464,
    "Ru3+": 0.16888799908477292,
    "Ru4+": 0.17406475231666857,
    "Ru5+": 0.19540098386912252,
    "Ru6+": 0.05631506692598101,
    "Ru8+": 0.0001716050795103535,
    "S+": 0.004232405211391196,
    "S-": 0.08168788742718396,
    "S2+": 0.0072419589587084995,
    "S2-": 0.8361966382744286,
    "S3+": 0.0026618457421627674,
    "S4+": 0.004988905060443633,
    "S5+": 0.0017056487279877926,
    "S6+": 0.061284710597693616,
    "Sb-": 0.12510886678055808,
    "Sb2-": 0.23000200984825644,
    "Sb3+": 0.16475312363916525,
    "Sb3-": 0.40579255016246274,
    "Sb4+": 0.0033204368070210697,
    "Sb5+": 0.07102301276253643,
    "Sc+": 0.32181086554393473,
    "Sc2+": 0.20096083880526358,
    "Sc3+": 0.4772282956508017,
    "Se+": 0.01055537408168886,
    "Se-": 0.12499023243599844,
    "Se2+": 0.006036034304965765,
    "Se2-": 0.8403883967744622,
    "Se3+": 0.0006417769921026843,
    "Se4+": 0.012284713281965554,
    "Se6+": 0.005103472128816556,
    "Si-": 0.06483622350674374,
    "Si2+": 0.05480857836977465,
    "Si2-": 0.05351847197788389,
    "Si3+": 0.028545698249141327,
    "Si4+": 0.44387618329563544,
    "Si4-": 0.35441484460082096,
    "Sm2+": 0.3686112117604431,
    "Sm3+": 0.6313887882395569,
    "Sn2+": 0.6336335458213931,
    "Sn3+": 0.12821412558239273,
    "Sn4+": 0.2381523285962142,
    "Sr2+": 1.0,
    "Ta+": 0.23191634591683888,
    "Ta2+": 0.1822396238220739,
    "Ta3+": 0.11837090688458694,
    "Ta4+": 0.13413662994634157,
    "Ta5+": 0.3333364934301587,
    "Tb+": 0.1388253171124927,
    "Tb2+": 0.23779962381980413,
    "Tb3+": 0.5607215988584877,
    "Tb4+": 0.06265346020921549,
    "Te+": 0.022390428236569875,
    "Te-": 0.1508200731966159,
    "Te2+": 0.019423221246193875,
    "Te2-": 0.7727714539810165,
    "Te4+": 0.021201892400313418,
    "Te5+": 0.0014530222532259077,
    "Te6+": 0.011939908686064541,
    "Th3+": 0.40114975567691863,
    "Th4+": 0.5988502443230813,
    "Ti2+": 0.20059511482664283,
    "Ti3+": 0.28508834076318573,
    "Ti4+": 0.5143165444101715,
    "Tl+": 0.869444344800373,
    "Tl3+": 0.13055565519962692,
    "Tm2+": 0.32276843467011646,
    "Tm3+": 0.6772315653298836,
    "U2+": 0.1012826779483895,
    "U3+": 0.27017141701360214,
    "U4+": 0.33117025400731515,
    "U5+": 0.13595374943113822,
    "U6+": 0.16142190159955502,
    "V2+": 0.30616588756718893,
    "V3+": 0.30838867858441893,
    "V4+": 0.23041586399213268,
    "V5+": 0.1550295698562595,
    "W2+": 0.1325018314330259,
    "W3+": 0.1955594793095028,
    "W4+": 0.1811709901008697,
    "W5+": 0.11116328869019666,
    "W6+": 0.3796044104664049,