{
    "1": 0.010079966667200846,
    "2": 1.9230461050303682e-05,
    "3": 0.024316917998109006,
    "4": 0.002310860402878159,
    "5": 0.012323520456402942,
    "6": 0.007605647345395106,
    "7": 0.009589589910418103,
    "8": 0.1866668803384561,
    "9": 0.04778128555632121,
    "10": 3.20507684171728e-06,
    "11": 0.00882678162208939,
    "12": 0.013249787663659236,
    "13": 0.01771125462732969,
    "14": 0.015871540520183972,
    "15": 0.010243425586128427,
    "16": 0.03568853063252191,
    "17": 0.02077530808801141,
    "18": 6.41015368343456e-06,
    "19": 0.010166503741927213,
    "20": 0.009326773609397286,
    "21": 0.005499911860386853,
    "22": 0.009983814361949327,
    "23": 0.011660069550167466,
    "24": 0.007913334722199964,
    "25": 0.0176759987820708,
    "26": 0.021227223922693546,
    "27": 0.01970481242287784,
    "28": 0.022028493133122867,
    "29": 0.020531722248040896,
    "30": 0.01084277495552956,
    "31": 0.0154132145318184,
    "32": 0.01707664941266967,
    "33": 0.00787166872325764,
    "34": 0.021900290059454177,
    "35": 0.011929296004871717,
    "36": 2.243553789202096e-05,
    "37": 0.008458197785291902,
    "38": 0.01126584509863624,
    "39": 0.008294738866364322,
    "40": 0.007147321357029535,
    "41": 0.0073748818127914615,
    "42": 0.007221038124389032,
    "43": 0.0013685678114132786,
    "44": 0.006262720148715565,
    "45": 0.009432541145173955,
    "46": 0.010845980032371276,
    "47": 0.009137674075735966,
    "48": 0.005910161696126665,
    "49": 0.011474175093347864,
    "50": 0.01205429400169869,
    "51": 0.010788288649220365,
    "52": 0.01461194532138908,
    "53": 0.011224179099693915,
    "54": 4.487107578404192e-05,
    "55": 0.008660117626320091,
    "56": 0.011496610631239884,
    "57": 0.01009919712825115,
    "58": 0.007227448278072467,
    "59": 0.006519126296052948,
    "60": 0.006919760901267608,
    "61": 0.002173042098684316,
    "62": 0.006394128299225974,
    "63": 0.00517299402253169,
    "64": 0.003762760212176087,
    "65": 0.006147337382413743,
    "66": 0.006214643996089806,
    "67": 0.006179388150830916,
    "68": 0.006503100911844362,
    "69": 0.005035175718337847,
    "70": 0.004538388807871669,
    "71": 0.0048781269530937,
    "72": 0.004483902501562475,
    "73": 0.004535183731029952,
    "74": 0.00463133603628147,
    "75": 0.002128171022900274,
    "76": 0.002528805628114934,
    "77": 0.005964648002435858,
    "78": 0.008102434255861284,
    "79": 0.00780115703273986,
    "80": 0.00517299402253169,
    "81": 0.006922965978109325,
    "82": 0.005330042787775837,
    "83": 0.007265909200173074,
    "84": 0.0,
    "85": 0.0,
    "86": 0.0,
    "87": 0.0,
    "88": 0.0,
    "89": 0.0011249819714427654,
    "90": 0.0028204676207112065,
    "91": 0.0007339625967532572,
    "92": 0.004490312655245909,
    "93": 0.0005096072178330475,
    "94": 0.0007692184420121473,
    "95": 0.0,
    "96": 0.0,
    "97": 0.0,
    "98": 0.0,
    "99": 0.0,
    "100": 0.0,
    "101": 0.0,
    "102": 0.0,
    "103": 0.0,
    "104": 0.0,
    "105": 0.0,
    "106": 0.0,
    "107": 0.0,
    "108": 0.0,
    "109": 0.0,
    "110": 0.0,
    "111": 0.0,
    "112": 0.0,
    "113": 0.0,
    "114": 0.0,
    "115": 0.0,
    "116": 0.0,
    "117": 0.0,
    "118": 0.0
}