{
    "CompositionCounts": {
        "1": 0.00847457627118644,
        "2": 0.00847457627118644,
        "3": 0.00847457627118644,
        "4": 0.00847457627118644,
        "5": 0.00847457627118644,
        "6": 0.00847457627118644,
        "7": 0.00847457627118644,
        "8": 0.00847457627118644,
        "9": 0.00847457627118644,
        "10": 0.00847457627118644,
        "11": 0.00847457627118644,
        "12": 0.00847457627118644,
        "13": 0.00847457627118644,
        "14": 0.00847457627118644,
        "15": 0.00847457627118644,
        "16": 0.00847457627118644,
        "17": 0.00847457627118644,
        "18": 0.00847457627118644,
        "19": 0.00847457627118644,
        "20": 0.00847457627118644,
        "21": 0.00847457627118644,
        "22": 0.00847457627118644,
        "23": 0.00847457627118644,
        "24": 0.00847457627118644,
        "25": 0.00847457627118644,
        "26": 0.00847457627118644,
        "27": 0.00847457627118644,
        "28": 0.00847457627118644,
        "29": 0.00847457627118644,
        "30": 0.00847457627118644,
        "31": 0.00847457627118644,
        "32": 0.00847457627118644,
        "33": 0.00847457627118644,
        "34": 0.00847457627118644,
        "35": 0.00847457627118644,
        "36": 0.00847457627118644,
        "37": 0.00847457627118644,
        "38": 0.00847457627118644,
        "39": 0.00847457627118644,
        "40": 0.00847457627118644,
        "41": 0.00847457627118644,
        "42": 0.00847457627118644,
        "43": 0.00847457627118644,
        "44": 0.00847457627118644,
        "45": 0.00847457627118644,
        "46": 0.00847457627118644,
        "47": 0.00847457627118644,
        "48": 0.00847457627118644,
        "49": 0.00847457627118644,
        "50": 0.00847457627118644,
        "51": 0.00847457627118644,
        "52": 0.00847457627118644,
        "53": 0.00847457627118644,
        "54": 0.00847457627118644,
        "55": 0.00847457627118644,
        "56": 0.00847457627118644,
        "57": 0.00847457627118644,
        "58": 0.00847457627118644,
        "59": 0.00847457627118644,
        "60": 0.00847457627118644,
        "61": 0.00847457627118644,
        "62": 0.00847457627118644,
        "63": 0.00847457627118644,
        "64": 0.00847457627118644,
        "65": 0.00847457627118644,
        "66": 0.00847457627118644,
        "67": 0.00847457627118644,
        "68": 0.00847457627118644,
        "69": 0.00847457627118644,
        "70": 0.00847457627118644,
        "71": 0.00847457627118644,
        "72": 0.00847457627118644,
        "73": 0.00847457627118644,
        "74": 0.00847457627118644,
        "75": 0.00847457627118644,
        "76": 0.00847457627118644,
        "77": 0.00847457627118644,
        "78": 0.00847457627118644,
        "79": 0.00847457627118644,
        "80": 0.00847457627118644,
        "81": 0.00847457627118644,
        "82": 0.00847457627118644,
        "83": 0.00847457627118644,
        "84": 0.00847457627118644,
        "85": 0.00847457627118644,
        "86": 0.00847457627118644,
        "87": 0.00847457627118644,
        "88": 0.00847457627118644,
        "89": 0.00847457627118644,
        "90": 0.00847457627118644,
        "91": 0.00847457627118644,
        "92": 0.00847457627118644,
        "93": 0.00847457627118644,
        "94": 0.00847457627118644,
        "95": 0.00847457627118644,
        "96": 0.00847457627118644,
        "97": 0.00847457627118644,
        "98": 0.00847457627118644,
        "99": 0.00847457627118644,
        "100": 0.00847457627118644,
        "101": 0.00847457627118644,
        "102": 0.00847457627118644,
        "103": 0.00847457627118644,
        "104": 0.00847457627118644,
        "105": 0.00847457627118644,
        "106": 0.00847457627118644,
        "107": 0.00847457627118644,
        "108": 0.00847457627118644,
        "109": 0.00847457627118644,
        "110": 0.00847457627118644,
        "111": 0.00847457627118644,
        "112": 0.00847457627118644,
        "113": 0.00847457627118644,
        "114": 0.00847457627118644,
        "115": 0.00847457627118644,
        "116": 0.00847457627118644,
        "117": 0.00847457627118644,
        "118": 0.00847457627118644
    },
    "Composition": {
        "1": 0.00847457627118644,
        "2": 0.00847457627118644,
        "3": 0.00847457627118644,
        "4": 0.00847457627118644,
        "5": 0.00847457627118644,
        "6": 0.00847457627118644,
        "7": 0.00847457627118644,
        "8": 0.00847457627118644,
        "9": 0.00847457627118644,
        "10": 0.00847457627118644,
        "11": 0.00847457627118644,
        "12": 0.00847457627118644,
        "13": 0.00847457627118644,
        "14": 0.00847457627118644,
        "15": 0.00847457627118644,
        "16": 0.00847457627118644,
        "17": 0.00847457627118644,
        "18": 0.00847457627118644,
        "19": 0.00847457627118644,
        "20": 0.00847457627118644,
        "21": 0.00847457627118644,
        "22": 0.00847457627118644,
        "23": 0.00847457627118644,
        "24": 0.00847457627118644,
        "25": 0.00847457627118644,
        "26": 0.00847457627118644,
        "27": 0.00847457627118644,
        "28": 0.00847457627118644,
        "29": 0.00847457627118644,
        "30": 0.00847457627118644,
        "31": 0.00847457627118644,
        "32": 0.00847457627118644,
        "33": 0.00847457627118644,
        "34": 0.00847457627118644,
        "35": 0.00847457627118644,
        "36": 0.00847457627118644,
        "37": 0.00847457627118644,
        "38": 0.00847457627118644,
        "39": 0.00847457627118644,
        "40": 0.00847457627118644,
        "41": 0.00847457627118644,
        "42": 0.00847457627118644,
        "43": 0.00847457627118644,
        "44": 0.00847457627118644,
        "45": 0.00847457627118644,
        "46": 0.00847457627118644,
        "47": 0.00847457627118644,
        "48": 0.00847457627118644,
        "49": 0.00847457627118644,
        "50": 0.00847457627118644,
        "51": 0.00847457627118644,
        "52": 0.00847457627118644,
        "53": 0.00847457627118644,
        "54": 0.00847457627118644,
        "55": 0.00847457627118644,
        "56": 0.00847457627118644,
        "57": 0.00847457627118644,
        "58": 0.00847457627118644,
        "59": 0.00847457627118644,
        "60": 0.00847457627118644,
        "61": 0.00847457627118644,
        "62": 0.00847457627118644,
        "63": 0.00847457627118644,
        "64": 0.00847457627118644,
        "65": 0.00847457627118644,
        "66": 0.00847457627118644,
        "67": 0.00847457627118644,
        "68": 0.00847457627118644,
        "69": 0.00847457627118644,
        "70": 0.00847457627118644,
        "71": 0.00847457627118644,
        "72": 0.00847457627118644,
        "73": 0.00847457627118644,
        "74": 0.00847457627118644,
        "75": 0.00847457627118644,
        "76": 0.00847457627118644,
        "77": 0.00847457627118644,
        "78": 0.00847457627118644,
        "79": 0.00847457627118644,
        "80": 0.00847457627118644,
        "81": 0.00847457627118644,
        "82": 0.00847457627118644,
        "83": 0.00847457627118644,
        "84": 0.00847457627118644,
        "85": 0.00847457627118644,
        "86": 0.00847457627118644,
        "87": 0.00847457627118644,
        "88": 0.00847457627118644,
        "89": 0.00847457627118644,
        "90": 0.00847457627118644,
        "91": 0.00847457627118644,
        "92": 0.00847457627118644,
        "93": 0.00847457627118644,
        "94": 0.00847457627118644,
        "95": 0.00847457627118644,
        "96": 0.00847457627118644,
        "97": 0.00847457627118644,
        "98": 0.00847457627118644,
        "99": 0.00847457627118644,
        "100": 0.00847457627118644,
        "101": 0.00847457627118644,
        "102": 0.00847457627118644,
        "103": 0.00847457627118644,
        "104": 0.00847457627118644,
        "105": 0.00847457627118644,
        "106": 0.00847457627118644,
        "107": 0.00847457627118644,
        "108": 0.00847457627118644,