{
  "n_structures": 45229,
  "n_unique_materials": 45229,
  "splits": {
    "train": 27136,
    "val": 9047,
    "test": 9046
  },
  "element_counts": {
    "O": 11522,
    "Li": 3911,
    "Cu": 3397,
    "S": 3226,
    "F": 3178,
    "Ni": 3037,
    "Mn": 2660,
    "Co": 2631,
    "Fe": 2578,
    "Si": 2516,
    "Mg": 2471,
    "Al": 2457,
    "Ge": 2393,
    "Se": 2284,
    "Ba": 2149,
    "Ga": 2129,
    "Sr": 2117,
    "In": 2078,
    "Sn": 2023,
    "La": 1904,
    "K": 1902,
    "Ca": 1892,
    "Zn": 1891,
    "Ag": 1867,
    "V": 1824,
    "Pd": 1812,
    "Na": 1791,
    "Sb": 1789,
    "Ti": 1762,
    "Te": 1717,
    "Cl": 1666,
    "Y": 1651,
    "P": 1611,
    "Cs": 1588,
    "Rb": 1523,
    "Rh": 1479,
    "Ce": 1473,
    "Au": 1408,
    "Cr": 1405,
    "Bi": 1404,
    "Tl": 1390,
    "Nd": 1381,
    "N": 1376,
    "Cd": 1360,
    "B": 1357,
    "Pt": 1349,
    "As": 1319,
    "Sm": 1310,
    "C": 1286,
    "Pr": 1272,
    "Zr": 1203,
    "Mo": 1199,
    "Er": 1196,
    "Dy": 1190,
    "Nb": 1169,
    "Ru": 1166,
    "Ho": 1148,
    "Eu": 1142,
    "H": 1120,
    "Tb": 1109,
    "Sc": 1103,
    "Ir": 1074,
    "W": 1057,
    "Br": 1057,
    "Pb": 1050,
    "I": 997,
    "Hg": 996,
    "Yb": 995,
    "Tm": 993,
    "Lu": 938,
    "U": 931,
    "Ta": 879,
    "Hf": 832,
    "Gd": 831,
    "Th": 574,
    "Os": 521,
    "Pm": 453,
    "Re": 432,
    "Be": 305,
    "Tc": 281,
    "Ac": 235,
    "Pa": 204,
    "Pu": 187,
    "Np": 140,
    "Xe": 13,
    "Kr": 7,
    "He": 6,
    "Ar": 2,
    "Ne": 1
  },
  "n_unique_elements": 89,
  "e_above_hull_stats": {
    "mean": 0.01718913311705156,
    "std": 0.023132949025656022,
    "min": 0.0,
    "max": 0.0799993074999996,
    "median": 0.0034690164236099
  },
  "formation_energy_stats": {
    "mean": -1.214873468511546,
    "std": 1.0277323085429912,
    "min": -5.153569277999999,
    "max": 0.0798248545000007,
    "median": -0.8067543299999995
  },
  "n_unique_fingerprints": 44654,
  "fingerprint_method": "bawl"
}