{
    "1": 0.008220062824765876,
    "2": 4.403605084696004e-05,
    "3": 0.02870416581041012,
    "4": 0.0022384992513871356,
    "5": 0.009959486833220796,
    "6": 0.009438393564865102,
    "7": 0.010098934327569503,
    "8": 0.08456389630977894,
    "9": 0.02332442826527317,
    "10": 7.339341807826674e-06,
    "11": 0.013144761177817573,
    "12": 0.018135513607139712,
    "13": 0.01803276282183014,
    "14": 0.018465783988491913,
    "15": 0.011823679652408771,
    "16": 0.02367671667204885,
    "17": 0.01222734345183924,
    "18": 1.4678683615653349e-05,
    "19": 0.013959428118486335,
    "20": 0.013886034700408067,
    "21": 0.008095294014032821,
    "22": 0.0129319202653906,
    "23": 0.013386959457475854,
    "24": 0.010311775239996476,
    "25": 0.019522649208818955,
    "26": 0.018920823180577164,
    "27": 0.019309808296391978,
    "28": 0.02228958107036961,
    "29": 0.024931744121187212,
    "30": 0.013878695358600241,
    "31": 0.015625458708862987,
    "32": 0.01756304494612923,
    "33": 0.009680591844523382,
    "34": 0.016763056689076124,
    "35": 0.0077576842908727945,
    "36": 5.137539265478672e-05,
    "37": 0.011177817573320025,
    "38": 0.015537386607169069,
    "39": 0.01211725332472184,
    "40": 0.008829228194815488,
    "41": 0.008579690573349383,
    "42": 0.008799870827584183,
    "43": 0.0020623550479992956,
    "44": 0.008557672547925901,
    "45": 0.010854886533775652,
    "46": 0.013298887355781934,
    "47": 0.0137025511552124,
    "48": 0.009981504858644278,
    "49": 0.01525115227666383,
    "50": 0.014847488477233361,
    "51": 0.01313008249420192,
    "52": 0.0126016498840384,
    "53": 0.007317323782403194,
    "54": 9.541144350174676e-05,
    "55": 0.01165487479082876,
    "56": 0.015772245545019523,
    "57": 0.013974106802101987,
    "58": 0.01081085048292869,
    "59": 0.00933564277955553,
    "60": 0.010135631036608637,
    "61": 0.0033247218389454835,
    "62": 0.009614537768252943,
    "63": 0.008381528344538062,
    "64": 0.006098993042303966,
    "65": 0.008139330064879782,
    "66": 0.008733816751313742,
    "67": 0.008425564395385022,
    "68": 0.008777852802160702,
    "69": 0.007287966415171887,
    "70": 0.007302645098787541,
    "71": 0.006884302615741421,
    "72": 0.006106332384111793,
    "73": 0.006451281449079646,
    "74": 0.0077576842908727945,
    "75": 0.003170595660981123,
    "76": 0.003823797081877697,
    "77": 0.007882453101605848,
    "78": 0.009900772098758183,
    "79": 0.010333793265419958,
    "80": 0.007309984440595368,
    "81": 0.010201685112879076,
    "82": 0.007706308898218008,
    "83": 0.010304435898188651,
    "84": 0.0,
    "85": 0.0,
    "86": 0.0,
    "87": 0.0,
    "88": 0.0,
    "89": 0.0017247453248392685,
    "90": 0.004212782197692511,
    "91": 0.0014972257287966416,
    "92": 0.006832927223086633,
    "93": 0.0010275078530957344,
    "94": 0.001372456918063588,
    "95": 0.0,
    "96": 0.0,
    "97": 0.0,
    "98": 0.0,
    "99": 0.0,
    "100": 0.0,
    "101": 0.0,
    "102": 0.0,
    "103": 0.0,
    "104": 0.0,
    "105": 0.0,
    "106": 0.0,
    "107": 0.0,
    "108": 0.0,
    "109": 0.0,
    "110": 0.0,
    "111": 0.0,
    "112": 0.0,
    "113": 0.0,
    "114": 0.0,
    "115": 0.0,
    "116": 0.0,
    "117": 0.0,
    "118": 0.0
}